City_ID,City,Country,Date,Lat,Lng,Max Temp,Humidity,Cloudiness,Wind Speed
0,Port Alfred,ZA,2022-03-28 23:28:38,-33.5906,26.891,69.19,78,86,1.99
1,Ponca City,US,2022-03-28 23:28:38,36.707,-97.0856,79.9,37,0,12.66
2,Kloulklubed,PW,2022-03-28 23:24:15,7.0419,134.2556,79.3,76,40,12.88
3,Geraldton,AU,2022-03-28 23:27:51,-28.7667,114.6,73.81,78,40,16.11
4,Puerto Carreno,CO,2022-03-28 23:28:39,6.189,-67.4859,76.17,89,100,9.86
5,Mortara,IT,2022-03-28 23:28:39,45.2473,8.7355,58.17,51,37,2.24
6,Rikitea,PF,2022-03-28 23:28:40,-23.1203,-134.9692,78.46,69,78,3.83
7,Kapaa,US,2022-03-28 23:28:40,22.0752,-159.319,79.2,74,40,5.01
8,Hermanus,ZA,2022-03-28 23:28:41,-34.4187,19.2345,64.53,70,99,8.95
9,Nemuro,JP,2022-03-28 23:28:41,43.3236,145.575,35.28,72,6,10.74
10,Mount Isa,AU,2022-03-28 23:28:41,-20.7333,139.5,80.37,26,3,11.5
11,Albany,US,2022-03-28 23:27:09,42.6001,-73.9662,20.28,54,100,1.99
12,Vaini,TO,2022-03-28 23:28:42,-21.2,-175.2,82.56,83,75,13.8
13,Avarua,CK,2022-03-28 23:28:43,-21.2078,-159.775,84.25,74,20,9.22
14,New Norfolk,AU,2022-03-28 23:28:43,-42.7826,147.0587,64.92,71,60,2.53
15,Belaya Gora,RU,2022-03-28 23:28:43,68.5333,146.4167,-1.43,97,89,0.25
16,Barrow,US,2022-03-28 23:28:44,71.2906,-156.7887,1.42,71,0,26.46
17,Ancud,CL,2022-03-28 23:28:44,-41.8697,-73.8203,48.22,75,65,16.87
18,Busselton,AU,2022-03-28 23:28:45,-33.65,115.3333,63.61,80,99,16.13
19,Bredasdorp,ZA,2022-03-28 23:28:45,-34.5322,20.0403,64.0,72,100,1.79
20,Luderitz,NA,2022-03-28 23:28:46,-26.6481,15.1594,60.98,87,8,1.43
21,Tahe,CN,2022-03-28 23:28:46,52.3333,124.7333,19.49,69,11,10.04
22,Aklavik,CA,2022-03-28 23:28:47,68.2191,-135.0107,1.81,86,97,4.68
23,Puerto Ayora,EC,2022-03-28 23:28:47,-0.7393,-90.3518,80.42,79,94,10.38
24,Erenhot,CN,2022-03-28 23:28:48,43.6475,111.9767,32.45,64,99,19.53
25,Victoria,HK,2022-03-28 23:27:41,22.2855,114.1577,65.32,84,97,5.99
26,Cape Town,ZA,2022-03-28 23:28:48,-33.9258,18.4232,64.81,73,75,9.22
27,Severo-Kurilsk,RU,2022-03-28 23:28:49,50.6789,156.125,28.18,83,100,40.62
28,Nikolskoye,RU,2022-03-28 23:28:49,59.7035,30.7861,26.87,93,90,8.1
29,Tasiilaq,GL,2022-03-28 23:28:49,65.6145,-37.6368,26.76,88,100,8.3
30,Henties Bay,NA,2022-03-28 23:28:50,-22.116,14.2845,64.29,77,65,5.37
31,San Jeronimo,PE,2022-03-28 23:28:50,-11.9472,-75.2829,51.13,84,99,2.37
32,Port Hawkesbury,CA,2022-03-28 23:28:51,45.6169,-61.3485,35.58,99,100,5.75
33,Punta Arenas,CL,2022-03-28 23:24:34,-53.15,-70.9167,42.91,75,20,11.5
34,Khakhea,BW,2022-03-28 23:28:51,-24.6895,23.494,69.87,55,41,12.53
35,Port Elizabeth,ZA,2022-03-28 23:26:29,-33.918,25.5701,70.11,85,0,8.05
36,Cabo San Lucas,MX,2022-03-28 23:25:35,22.8909,-109.9124,83.5,26,0,14.97
37,Anadyr,RU,2022-03-28 23:28:52,64.75,177.4833,-7.1,77,0,6.71
38,Narsaq,GL,2022-03-28 23:28:52,60.9167,-46.05,43.02,77,37,8.01
39,Tiksi,RU,2022-03-28 23:28:53,71.6872,128.8694,-12.75,98,78,5.01
40,Aesch,CH,2022-03-28 23:28:53,47.471,7.5973,52.56,58,0,3.44
41,Dakar,SN,2022-03-28 23:24:34,14.6937,-17.4441,67.08,88,0,19.57
42,Burns Lake,CA,2022-03-28 23:28:54,54.2331,-125.7533,47.62,42,49,3.29
43,Hilo,US,2022-03-28 23:27:12,19.7297,-155.09,82.13,66,100,13.8
44,Tenenkou,ML,2022-03-28 23:28:55,14.4572,-4.9169,89.38,9,23,10.6
45,Nara,JP,2022-03-28 23:29:55,34.6851,135.8049,47.57,48,100,3.74
46,Pacific Grove,US,2022-03-28 23:29:55,36.6177,-121.9166,60.75,80,100,5.01
47,East London,ZA,2022-03-28 23:25:09,-33.0153,27.9116,80.02,45,84,8.03
48,Butaritari,KI,2022-03-28 23:29:56,3.0707,172.7902,80.55,74,58,11.3
49,Mahebourg,MU,2022-03-28 23:29:56,-20.4081,57.7,74.25,94,20,5.75
50,Cruz Grande,MX,2022-03-28 23:29:57,16.7333,-99.1333,86.72,37,5,8.57
51,Aripuana,BR,2022-03-28 23:29:57,-9.1667,-60.6333,75.04,97,91,1.16
52,Stonewall,CA,2022-03-28 23:29:58,50.1344,-97.3268,35.28,70,100,13.31
53,Cayenne,GF,2022-03-28 23:26:50,4.9333,-52.3333,81.09,1,100,9.22
54,Mar Del Plata,AR,2022-03-28 23:29:58,-38.0023,-57.5575,71.62,74,20,24.0
55,Mataura,NZ,2022-03-28 23:29:59,-46.1927,168.8643,62.46,69,100,0.98
56,Ushuaia,AR,2022-03-28 23:26:57,-54.8,-68.3,44.26,65,75,16.11
57,Souillac,MU,2022-03-28 23:29:59,-20.5167,57.5167,71.98,94,20,5.75
58,Padang,ID,2022-03-28 23:30:00,-0.9492,100.3543,68.05,72,5,5.79
59,Jamui,IN,2022-03-28 23:30:00,24.9167,86.2167,72.03,15,21,3.83
60,Bukama,CD,2022-03-28 23:30:01,-9.2,25.85,69.28,97,100,1.45
61,Sitka,US,2022-03-28 23:25:24,57.0531,-135.33,46.29,39,100,19.57
62,Dikson,RU,2022-03-28 23:30:03,73.5069,80.5464,-5.51,98,93,6.46
63,Carnarvon,AU,2022-03-28 23:30:03,-24.8667,113.6333,73.47,94,61,10.36
64,Thompson,CA,2022-03-28 23:30:04,55.7435,-97.8558,21.36,42,100,4.61
65,De Aar,ZA,2022-03-28 23:30:05,-30.6497,24.0123,67.57,40,22,9.33
66,Luanda,AO,2022-03-28 23:30:06,-8.8368,13.2343,80.6,78,75,4.61
67,Murovane,UA,2022-03-28 23:30:07,49.5214,22.9367,47.71,64,3,11.36
68,Hualmay,PE,2022-03-28 23:30:08,-11.0964,-77.6139,70.57,84,100,9.78
69,Honiara,SB,2022-03-28 23:28:30,-9.4333,159.95,84.27,74,100,3.11
70,Cidreira,BR,2022-03-28 23:30:11,-30.1811,-50.2056,70.5,80,0,10.56
71,Upernavik,GL,2022-03-28 23:30:12,72.7868,-56.1549,22.57,71,100,5.97
72,Maldonado,UY,2022-03-28 23:30:12,-34.6667,-54.9167,67.39,64,3,8.01
73,Ylojarvi,FI,2022-03-28 23:30:13,61.5563,23.5961,23.63,74,100,6.91
74,Tigil,RU,2022-03-28 23:30:13,57.8,158.6667,25.74,82,83,6.89
75,Klaksvik,FO,2022-03-28 23:30:14,62.2266,-6.589,34.72,76,100,17.07
76,Saint-Philippe,RE,2022-03-28 23:30:14,-21.3585,55.7679,76.59,81,38,3.18
77,Bartica,GY,2022-03-28 23:30:15,6.4,-58.6167,77.32,93,95,2.64
78,Mackay,AU,2022-03-28 23:30:15,-21.15,149.2,86.68,61,2,5.75
79,Diffa,NE,2022-03-28 23:30:15,13.3154,12.6113,70.11,20,11,11.05
80,Fortuna,US,2022-03-28 23:30:16,40.5982,-124.1573,60.85,82,100,12.66
81,Mahibadhoo,MV,2022-03-28 23:30:16,3.7833,72.9667,81.23,72,1,4.52
82,Hami,CN,2022-03-28 23:30:17,42.8,93.45,42.15,36,16,10.4
83,Perth,AU,2022-03-28 23:29:30,-31.9333,115.8333,70.09,79,0,13.8
84,Arraial Do Cabo,BR,2022-03-28 23:30:18,-22.9661,-42.0278,74.66,88,100,4.85
85,Atuona,PF,2022-03-28 23:30:18,-9.8,-139.0333,79.43,77,98,14.7
86,Isangel,VU,2022-03-28 23:30:19,-19.55,169.2667,84.58,70,73,9.31
87,Nishihara,JP,2022-03-28 23:30:19,26.1842,127.7558,68.05,97,100,9.22
88,Shieli,KZ,2022-03-28 23:30:19,44.1667,66.75,39.22,77,81,26.51
89,Coahuayana,MX,2022-03-28 23:30:20,18.7333,-103.6833,81.61,45,36,5.37
90,Mahon,ES,2022-03-28 23:30:20,39.8885,4.2658,54.16,100,0,4.61
91,Rio Grande,BR,2022-03-28 23:30:08,-32.035,-52.0986,69.94,73,2,12.8
92,Esperance,AU,2022-03-28 23:31:21,-33.8667,121.9,62.44,73,97,11.56
93,Provideniya,RU,2022-03-28 23:31:21,64.3833,-173.3,14.36,67,0,7.0
94,Seoul,KR,2022-03-28 23:31:22,37.5683,126.9778,44.17,54,0,3.44
95,Kiruna,SE,2022-03-28 23:31:22,67.8557,20.2251,-9.58,73,30,5.57
96,Mezen,RU,2022-03-28 23:31:23,65.8522,44.24,6.6,98,89,5.21
97,Iqaluit,CA,2022-03-28 23:29:55,63.7506,-68.5145,13.73,85,40,2.3
98,Praia,CV,2022-03-28 23:28:12,14.9215,-23.5087,70.34,73,75,17.27
99,Opuwo,NA,2022-03-28 23:31:24,-18.0607,13.84,68.63,49,80,3.83
100,Qaanaaq,GL,2022-03-28 23:31:24,77.484,-69.3632,7.34,96,100,0.74
101,Codrington,AU,2022-03-28 23:31:25,-38.2667,141.9667,62.58,62,95,6.42
102,Ambalavao,MG,2022-03-28 23:31:25,-21.8333,46.9333,61.23,95,100,5.3
103,Cherskiy,RU,2022-03-28 23:31:26,68.75,161.3,1.63,84,34,4.21
104,Tura,IN,2022-03-28 23:31:26,25.5198,90.2201,67.8,68,5,5.41
105,Jega,NG,2022-03-28 23:31:27,12.2175,4.3792,79.5,5,3,13.18
106,Faanui,PF,2022-03-28 23:31:27,-16.4833,-151.75,82.51,73,36,13.69
107,Jamestown,US,2022-03-28 23:31:27,42.097,-79.2353,20.79,64,100,13.8
108,Yellowknife,CA,2022-03-28 23:31:28,62.456,-114.3525,23.41,67,40,5.99
109,Hobart,AU,2022-03-28 23:30:12,-42.8794,147.3294,65.26,73,75,10.36
110,Vikulovo,RU,2022-03-28 23:31:28,56.8167,70.6107,31.03,95,100,11.27
111,Birjand,IR,2022-03-28 23:31:29,32.8663,59.2211,34.27,25,0,4.61
112,Nhulunbuy,AU,2022-03-28 23:31:29,-12.2333,136.7667,81.21,89,72,5.75
113,Coquimbo,CL,2022-03-28 23:27:01,-29.9533,-71.3436,58.73,94,75,12.66
114,Whitianga,NZ,2022-03-28 23:31:30,-36.8333,175.7,73.83,60,31,10.54
115,Saint-Pierre,RE,2022-03-28 23:31:30,-21.3393,55.4781,76.68,78,75,5.75
116,Gladstone,AU,2022-03-28 23:31:08,-23.85,151.25,81.79,61,12,6.91
117,Jagtial,IN,2022-03-28 23:31:31,18.8,78.9333,79.7,31,12,3.78
118,Ribeira Grande,PT,2022-03-28 23:31:31,38.5167,-28.7,60.37,79,39,3.78
119,Chokurdakh,RU,2022-03-28 23:31:32,70.6333,147.9167,-1.52,93,60,4.5
120,Okakarara,NA,2022-03-28 23:31:32,-20.5833,17.4333,68.81,63,87,4.92
121,Kavieng,PG,2022-03-28 23:31:33,-2.5744,150.7967,82.09,75,98,2.8
122,Bonthe,SL,2022-03-28 23:31:33,7.5264,-12.505,77.04,75,60,3.0
123,Saint George,US,2022-03-28 23:31:34,37.1041,-113.5841,72.63,25,76,17.0
124,Bluff,NZ,2022-03-28 23:31:34,-46.6,168.3333,62.01,75,93,6.69
125,Port Hardy,CA,2022-03-28 23:27:30,50.6996,-127.4199,50.18,81,20,5.75
126,Ust-Maya,RU,2022-03-28 23:31:35,60.4167,134.5333,18.23,84,92,2.89
127,Nikolayevsk-Na-Amure,RU,2022-03-28 23:31:35,53.1406,140.73,32.11,73,7,3.09
128,Perbaungan,ID,2022-03-28 23:31:35,3.5679,98.956,77.11,91,75,5.14
129,San Cristobal,VE,2022-03-28 23:31:36,7.7669,-72.225,73.58,70,83,2.3
130,Torbay,CA,2022-03-28 23:30:06,47.6666,-52.7314,40.28,87,100,14.97
131,Lebu,CL,2022-03-28 23:31:37,-37.6167,-73.65,57.79,87,46,6.08
132,Temir,KZ,2022-03-28 23:31:37,49.1414,57.13,19.62,94,84,14.92
133,Lagoa,PT,2022-03-28 23:31:37,39.05,-27.9833,59.25,82,40,6.31
134,Nanortalik,GL,2022-03-28 23:31:38,60.1432,-45.2371,30.58,81,42,5.41
135,Tevaitoa,PF,2022-03-28 23:32:38,-16.7833,-151.5,82.49,72,26,13.51
136,Sao Filipe,CV,2022-03-28 23:32:39,14.8961,-24.4956,71.6,75,50,9.51
137,Teguise,ES,2022-03-28 23:32:39,29.0605,-13.564,62.82,88,75,14.97
138,Sioux Lookout,CA,2022-03-28 23:30:07,50.1001,-91.917,26.67,24,20,3.44
139,Husavik,IS,2022-03-28 23:32:40,66.0449,-17.3389,25.14,76,79,6.87
140,Pangnirtung,CA,2022-03-28 23:32:40,66.1451,-65.7125,9.1,84,18,6.29
141,College,US,2022-03-28 23:32:41,64.8569,-147.8028,42.75,39,75,8.05
142,Saskylakh,RU,2022-03-28 23:32:41,71.9167,114.0833,-0.35,93,100,11.21
143,Avera,US,2022-03-28 23:32:41,33.194,-82.5271,69.31,41,15,7.99
144,Gornyy,RU,2022-03-28 23:32:42,55.1153,83.9059,27.75,95,95,6.06
145,Georgetown,MY,2022-03-28 23:32:42,5.4112,100.3354,80.53,93,20,0.0
146,Solwezi,ZM,2022-03-28 23:32:43,-12.1688,26.3894,61.41,99,100,3.69
147,Kaitangata,NZ,2022-03-28 23:32:43,-46.2817,169.8464,63.46,72,94,3.78
148,Cap-Aux-Meules,CA,2022-03-28 23:32:43,47.3821,-61.8597,32.05,100,100,9.22
149,Bethel,US,2022-03-28 23:29:57,41.3712,-73.414,26.02,44,100,3.0
150,Evensk,RU,2022-03-28 23:32:44,61.95,159.2333,18.55,73,100,21.21
151,Jatai,BR,2022-03-28 23:32:45,-17.8814,-51.7144,69.53,88,27,1.81
152,Ogembo,KE,2022-03-28 23:32:45,-0.7984,34.7253,61.29,95,100,3.0
153,Rantepao,ID,2022-03-28 23:32:45,-2.9701,119.8978,70.27,78,96,2.26
154,Sobolevo,RU,2022-03-28 23:32:46,54.4299,31.8996,34.18,94,99,13.4
155,Mabaruma,GY,2022-03-28 23:30:48,8.2,-59.7833,72.05,92,100,2.77
156,Balkhash,KZ,2022-03-28 23:32:47,46.844,74.9804,33.1,79,14,8.61
157,Santiago De Cao,PE,2022-03-28 23:32:47,-7.9589,-79.2392,69.93,83,20,9.22
158,Dingle,PH,2022-03-28 23:32:48,10.9995,122.6711,82.26,77,100,13.65
159,Nivala,FI,2022-03-28 23:32:48,63.9167,24.9667,12.69,97,34,4.43
160,Bowen,AU,2022-03-28 23:32:48,-20.0167,148.2333,83.01,63,18,4.85
161,Bengkulu,ID,2022-03-28 23:32:49,-3.8004,102.2655,75.04,76,45,5.46
162,Hofn,IS,2022-03-28 23:32:49,64.2539,-15.2082,30.69,71,100,12.8
163,Alexander City,US,2022-03-28 23:31:15,32.944,-85.9539,71.38,28,0,6.91
164,Kodiak,US,2022-03-28 23:32:50,57.79,-152.4072,40.51,81,100,9.22
165,Sampang,ID,2022-03-28 23:32:50,-7.1872,113.2394,78.49,79,100,3.94
166,Saldanha,ZA,2022-03-28 23:32:51,-33.0117,17.9442,59.05,93,100,14.72
167,Belaya Kholunitsa,RU,2022-03-28 23:32:51,58.84,50.8528,12.11,91,98,5.7
168,Jaca,ES,2022-03-28 23:32:51,42.569,-0.5499,45.99,73,97,5.23
169,Gimli,CA,2022-03-28 23:29:04,50.6336,-96.9907,30.22,59,100,16.11
170,Korla,CN,2022-03-28 23:32:52,41.7597,86.1469,47.07,35,100,7.43
171,Durban,ZA,2022-03-28 23:32:52,-29.8579,31.0292,72.01,93,0,3.0
172,Yamada,JP,2022-03-28 23:32:53,39.4667,141.95,44.37,51,54,4.45
173,Quattro Castella,IT,2022-03-28 23:32:53,44.635,10.4743,48.33,55,24,2.77
174,Eganville,CA,2022-03-28 23:32:54,45.5334,-77.0994,19.51,68,100,10.25
175,Marsa Matruh,EG,2022-03-28 23:32:54,31.3525,27.2453,57.34,71,70,9.42
176,Te Anau,NZ,2022-03-28 23:32:54,-45.4167,167.7167,64.45,60,86,0.67
177,Vanimo,PG,2022-03-28 23:32:55,-2.6741,141.3028,76.84,92,100,6.69
178,Bilma,NE,2022-03-28 23:32:55,18.6853,12.9164,72.05,7,0,6.2
179,Odweyne,SO,2022-03-28 23:32:56,9.4092,45.064,72.3,23,36,18.32
180,Moron,AR,2022-03-28 23:33:56,-34.6534,-58.6198,73.96,73,13,8.1
181,Bridlington,GB,2022-03-28 23:33:57,54.0831,-0.1919,46.0,96,96,7.0
182,Hasaki,JP,2022-03-28 23:33:57,35.7333,140.8333,50.4,58,100,11.07
183,Tuktoyaktuk,CA,2022-03-28 23:33:57,69.4541,-133.0374,-7.6,71,0,9.22
184,Tezu,IN,2022-03-28 23:33:58,27.9167,96.1667,69.26,55,71,3.94
185,Teya,RU,2022-03-28 23:33:58,60.3778,92.6267,-3.48,100,99,3.31
186,Pemangkat,ID,2022-03-28 23:33:59,1.1667,108.9667,78.42,87,97,6.02
187,Ahipara,NZ,2022-03-28 23:33:59,-35.1667,173.1667,72.41,62,1,8.55
188,San Quintin,MX,2022-03-28 23:34:00,30.4833,-115.95,63.81,77,63,15.88
189,Talaya,RU,2022-03-28 23:34:00,61.3833,152.75,8.8,81,100,12.19
190,Broome,US,2022-03-28 23:34:00,42.2506,-75.833,19.71,72,100,13.8
191,Los Llanos De Aridane,ES,2022-03-28 23:34:01,28.6585,-17.9182,60.55,88,20,8.99
192,Myitkyina,MM,2022-03-28 23:34:01,25.3833,97.4,66.25,66,23,1.74
193,Cururupu,BR,2022-03-28 23:34:02,-1.8283,-44.8683,74.53,97,100,2.62
194,Neryungri,RU,2022-03-28 23:34:02,56.6709,124.6491,13.86,87,100,16.96
195,Beringovskiy,RU,2022-03-28 23:34:03,63.05,179.3167,3.43,88,100,8.01
196,San Patricio,US,2022-03-28 23:34:03,28.017,-97.5169,80.55,61,12,18.1
197,Castlemaine,AU,2022-03-28 23:34:03,-37.0667,144.2167,71.28,51,1,4.76
198,Saint-Augustin,CA,2022-03-28 23:33:49,51.226,-58.6502,32.68,98,99,4.88
199,Grindavik,IS,2022-03-28 23:34:04,63.8424,-22.4338,39.67,75,75,12.66
200,Hamilton,US,2022-03-28 23:34:05,39.1834,-84.5333,40.87,44,0,10.36
201,Bantou,CN,2022-03-28 23:34:05,26.2151,117.4893,59.0,83,65,2.08
202,Ponta Do Sol,PT,2022-03-28 23:34:05,32.6667,-17.1,63.05,78,48,6.35
203,Port-Cartier,CA,2022-03-28 23:34:06,50.0334,-66.8654,29.75,86,100,7.34
204,Castro,BR,2022-03-28 23:34:06,-24.7911,-50.0119,63.73,96,29,9.46
205,Khatanga,RU,2022-03-28 23:34:07,71.9667,102.5,-2.58,98,100,11.59
206,Gundlupet,IN,2022-03-28 23:34:07,11.8,76.6833,72.16,71,2,2.64
207,Brae,GB,2022-03-28 23:34:07,60.3964,-1.353,39.67,65,100,11.45
208,Moose Factory,CA,2022-03-28 23:34:08,51.2585,-80.6094,15.8,41,75,13.8
209,Saraland,US,2022-03-28 23:34:08,30.8207,-88.0706,75.92,64,3,8.77
210,Naklo Nad Notecia,PL,2022-03-28 23:34:09,53.1421,17.6018,41.45,88,18,9.24
211,Tamandare,BR,2022-03-28 23:34:09,-8.7597,-35.1047,78.15,85,67,6.06
212,Aksu,CN,2022-03-28 23:34:11,41.1231,80.2644,51.21,38,96,4.92
213,Krasnoselkup,RU,2022-03-28 23:34:11,65.7,82.4667,14.52,95,100,12.06
214,Cockburn Town,TC,2022-03-28 23:34:13,21.4612,-71.1419,76.96,57,40,13.8
215,Kruisfontein,ZA,2022-03-28 23:34:13,-34.0033,24.7314,67.89,76,88,0.67
216,Martapura,ID,2022-03-28 23:34:14,-3.4167,114.85,75.29,94,20,5.75
217,Ambon,ID,2022-03-28 23:34:14,-3.6954,128.1814,78.94,94,40,4.61
218,Adeje,ES,2022-03-28 23:34:15,28.1227,-16.726,66.02,70,20,10.36
219,Tambura,SS,2022-03-28 23:34:15,5.6,27.4667,77.54,23,98,2.68
220,Hithadhoo,MV,2022-03-28 23:34:15,-0.6,73.0833,81.09,65,56,6.6
221,Bintulu,MY,2022-03-28 23:34:16,3.1667,113.0333,75.61,94,20,2.3
222,Koumac,NC,2022-03-28 23:34:16,-20.5667,164.2833,84.31,67,100,4.45
223,Meulaboh,ID,2022-03-28 23:34:17,4.1363,96.1285,76.69,87,19,3.09
224,Yumen,CN,2022-03-28 23:34:17,40.2833,97.2,37.17,43,79,5.73
225,Rio Gallegos,AR,2022-03-28 23:35:18,-51.6226,-69.2181,42.85,87,75,20.71
226,Kostroma,RU,2022-03-28 23:30:33,57.7708,40.9344,31.77,95,100,16.46
227,Yuli,NG,2022-03-28 23:35:19,9.6989,10.2744,75.36,14,4,7.14
228,Ust-Kulom,RU,2022-03-28 23:35:21,61.6864,53.6902,-2.25,100,91,1.72
229,Rabo De Peixe,PT,2022-03-28 23:35:22,37.8,-25.5833,58.51,82,40,3.44
230,Caravelas,BR,2022-03-28 23:35:22,-17.7125,-39.2481,77.97,84,63,5.7
231,Leh,IN,2022-03-28 23:35:22,34.1667,77.5833,20.8,83,26,3.02
232,Daru,PG,2022-03-28 23:35:23,-9.0763,143.2092,77.58,87,99,13.2
233,Hirado,JP,2022-03-28 23:35:23,33.3597,129.5531,54.59,61,99,4.74
234,Pandan,PH,2022-03-28 23:35:24,14.0453,124.1694,81.34,83,56,12.3
235,Mitu,CO,2022-03-28 23:34:12,1.1983,-70.1733,70.38,100,100,2.66
236,Airai,TL,2022-03-28 23:35:24,-8.9266,125.4092,66.92,75,81,1.45
237,Zabaykalsk,RU,2022-03-28 23:35:25,49.6333,117.3167,19.04,45,0,15.14
238,Plettenberg Bay,ZA,2022-03-28 23:35:25,-34.0527,23.3716,65.1,84,73,3.47
239,Bada,RU,2022-03-28 23:35:26,51.392,109.8717,14.2,80,10,3.96
240,Sangmelima,CM,2022-03-28 23:35:26,2.9333,11.9833,69.22,98,27,4.56
241,Babushkin,RU,2022-03-28 23:35:26,51.7122,105.8647,15.6,85,37,3.71
242,Tuatapere,NZ,2022-03-28 23:35:27,-46.1333,167.6833,65.57,61,97,1.83
243,Hervey Bay,AU,2022-03-28 23:35:27,-25.2986,152.8535,80.02,68,4,8.99
244,Ketchikan,US,2022-03-28 23:35:28,55.3422,-131.6461,48.67,49,100,8.05
245,Port Lincoln,AU,2022-03-28 23:35:28,-34.7333,135.8667,67.06,66,69,6.17
246,Huadian,CN,2022-03-28 23:35:28,42.9633,126.7478,45.16,25,81,15.93
247,Aquiraz,BR,2022-03-28 23:35:29,-3.9014,-38.3911,78.89,89,100,8.34
248,Farmington,US,2022-03-28 23:35:29,36.7281,-108.2187,66.88,17,100,18.41
249,Tual,ID,2022-03-28 23:35:30,-5.6667,132.75,82.31,77,100,12.59
250,Clyde River,CA,2022-03-28 23:35:30,70.4692,-68.5914,-0.17,85,75,13.8
251,Mongoumba,CF,2022-03-28 23:35:30,3.6415,18.5936,76.78,57,83,3.71
252,Kamen-Rybolov,RU,2022-03-28 23:35:31,44.7481,132.0403,40.28,70,100,21.83
253,Mancio Lima,BR,2022-03-28 23:35:31,-7.6142,-72.8958,73.38,97,95,1.28
254,Yunhe,CN,2022-03-28 23:35:32,34.0833,119.7167,46.89,66,2,13.0
255,Khalkhal,IR,2022-03-28 23:35:32,37.6189,48.5258,27.7,89,17,4.63
256,Atar,MR,2022-03-28 23:35:33,20.5169,-13.0499,77.5,28,100,5.08
257,Kangaatsiaq,GL,2022-03-28 23:35:33,68.3065,-53.4641,14.61,94,8,6.69
258,Shingu,JP,2022-03-28 23:32:37,33.7333,135.9833,57.61,67,100,6.96
259,Moriyama,JP,2022-03-28 23:35:34,35.0667,135.9833,47.16,73,100,2.04
260,Aksarka,RU,2022-03-28 23:35:34,66.5606,67.7975,26.67,97,100,7.05
261,Judayta,JO,2022-03-28 23:35:34,32.4079,35.708,50.34,43,0,12.28
262,Paamiut,GL,2022-03-28 23:35:22,61.994,-49.6678,23.32,81,84,7.14
263,Udachnyy,RU,2022-03-28 23:33:41,66.4167,112.4,2.44,84,100,14.25
264,Ilulissat,GL,2022-03-28 23:35:35,69.2167,-51.1,35.62,48,12,13.8
265,Hyeres,FR,2022-03-28 23:35:36,43.1167,6.1167,53.42,71,0,2.3
266,Comodoro Rivadavia,AR,2022-03-28 23:35:36,-45.8667,-67.5,58.86,23,0,19.57
267,Brightwater,NZ,2022-03-28 23:35:36,-41.3833,173.1167,69.69,70,36,2.95
268,San Policarpo,PH,2022-03-28 23:35:37,12.1791,125.5072,81.41,82,35,12.28
269,Margate,GB,2022-03-28 23:31:47,51.3813,1.3862,46.11,89,100,4.0
270,Chumikan,RU,2022-03-28 23:35:37,54.7183,135.315,16.97,89,93,6.6
271,Yerbogachen,RU,2022-03-28 23:35:38,61.2767,108.0108,8.74,96,93,4.79
272,Biskamzha,RU,2022-03-28 23:36:38,53.4497,89.5272,22.03,98,100,1.86
273,Bonavista,CA,2022-03-28 23:36:39,48.6499,-53.1147,33.44,94,75,11.43
274,Marratxi,ES,2022-03-28 23:36:39,39.6421,2.7539,56.71,74,0,9.22
275,Constitucion,CL,2022-03-28 23:36:30,-35.3333,-72.4167,54.95,83,4,10.04
276,Hundested,DK,2022-03-28 23:36:40,55.9667,11.8667,39.99,85,27,1.01
277,Agara,GE,2022-03-28 23:36:40,42.0376,43.8238,23.27,80,9,1.79
278,Rapina,EE,2022-03-28 23:36:41,58.0981,27.4636,26.04,89,70,9.69
279,Zyryanka,RU,2022-03-28 23:36:41,65.75,150.85,1.67,92,100,4.94
280,Middletown,US,2022-03-28 23:35:43,39.5151,-84.3983,40.35,48,0,10.36
281,Ulagan,RU,2022-03-28 23:36:42,50.6321,87.9563,0.7,97,50,2.26
282,Ampanihy,MG,2022-03-28 23:36:42,-24.7,44.75,69.8,81,65,15.26
283,Bambous Virieux,MU,2022-03-28 23:36:43,-20.3428,57.7575,74.21,94,20,5.75
284,Beidao,CN,2022-03-28 23:36:43,34.5686,105.8933,53.22,72,100,2.15
285,Chuy,UY,2022-03-28 23:36:44,-33.6971,-53.4616,64.83,77,4,10.22
286,Bandarbeyla,SO,2022-03-28 23:36:44,9.4942,50.8122,78.12,78,18,9.73
287,Buala,SB,2022-03-28 23:36:44,-8.145,159.5921,83.5,79,100,6.91
288,Vallenar,CL,2022-03-28 23:36:45,-28.5708,-70.7581,70.45,54,0,2.55
289,Touros,BR,2022-03-28 23:36:45,-5.1989,-35.4608,80.53,78,100,10.94
290,Puerto Narino,CO,2022-03-28 23:36:46,-3.7703,-70.3831,71.47,99,100,2.35
291,Barbacoas,CO,2022-03-28 23:36:46,1.6715,-78.1398,76.75,91,73,2.13
292,Hambantota,LK,2022-03-28 23:36:47,6.1241,81.1185,77.59,87,27,4.85
293,Canutama,BR,2022-03-28 23:36:47,-6.5339,-64.3831,75.18,97,92,1.63
294,Mount Gambier,AU,2022-03-28 23:35:03,-37.8333,140.7667,58.91,94,100,5.75
295,Poya,NC,2022-03-28 23:36:48,-21.35,165.15,82.36,71,98,5.39
296,Portland,US,2022-03-28 23:33:00,45.5234,-122.6762,62.28,83,100,1.99
297,Port Blair,IN,2022-03-28 23:36:49,11.6667,92.75,77.04,100,20,2.3
298,Cabadiangan,PH,2022-03-28 23:36:49,9.7531,122.4739,83.19,69,93,10.74
299,Labuhan,ID,2022-03-28 23:36:49,-6.8844,112.2051,78.24,83,89,4.52
300,Khasan,RU,2022-03-28 23:36:50,42.4308,130.6434,40.05,75,43,3.65
301,Tautira,PF,2022-03-28 23:36:51,-17.7333,-149.15,80.98,77,89,13.73
302,Hot Springs,US,2022-03-28 23:36:52,34.5037,-93.0552,75.6,38,0,9.22
303,Nagato,JP,2022-03-28 23:36:52,34.3833,131.2,49.19,61,100,4.97
304,Marystown,CA,2022-03-28 23:36:52,47.1666,-55.1483,35.85,100,100,11.92
305,Kavaratti,IN,2022-03-28 23:36:53,10.5669,72.642,83.46,77,42,11.5
306,Gurlan,UZ,2022-03-28 23:36:53,41.8447,60.3919,37.47,48,65,20.0
307,Roebourne,AU,2022-03-28 23:36:54,-20.7833,117.1333,82.69,66,80,6.44
308,Sokolovskoye,RU,2022-03-28 23:36:54,45.2583,40.6797,30.02,80,1,8.08
309,Sokoni,TZ,2022-03-28 23:36:54,-6.4333,39.55,82.02,77,91,7.16
310,Wattegama,LK,2022-03-28 23:36:55,6.7989,81.4808,73.27,95,9,1.43
311,Kunda,IN,2022-03-28 23:36:55,25.7167,81.5167,73.6,13,2,3.02
312,Vardo,NO,2022-03-28 23:36:56,70.3705,31.1107,28.96,66,100,25.64
313,San Carlos,VE,2022-03-28 23:36:56,9.6612,-68.5827,85.5,51,100,4.56
314,Birecik,TR,2022-03-28 23:36:56,37.0294,37.9903,42.01,53,0,2.84
315,Sorland,NO,2022-03-28 23:36:57,67.667,12.6934,32.94,46,95,8.05
316,Goderich,CA,2022-03-28 23:37:58,43.7501,-81.7165,24.91,63,100,17.27
317,Kovdor,RU,2022-03-28 23:37:58,67.5662,30.4758,17.35,91,88,8.84
318,Olafsvik,IS,2022-03-28 23:37:58,64.8945,-23.7142,33.98,77,100,16.26
319,Turukhansk,RU,2022-03-28 23:38:00,65.8167,87.9833,15.75,92,100,13.4
320,Talnakh,RU,2022-03-28 23:38:00,69.4865,88.3972,9.21,91,98,10.36
321,Pevek,RU,2022-03-28 23:38:01,69.7008,170.3133,-10.01,86,22,0.63
322,Rurrenabaque,BO,2022-03-28 23:38:02,-14.4413,-67.5278,76.05,86,100,1.21
323,Powell,US,2022-03-28 23:34:00,40.1578,-83.0752,32.56,44,0,5.75
324,Pokhara,NP,2022-03-28 23:33:18,28.2333,83.9833,65.05,24,0,6.53
325,Lazaro Cardenas,MX,2022-03-28 23:38:03,17.9583,-102.2,80.6,52,12,10.0
326,Marzuq,YE,2022-03-28 23:38:03,14.4,46.4667,61.05,30,3,3.31
327,Rawson,AR,2022-03-28 23:38:04,-43.3002,-65.1023,66.92,39,30,17.36
328,Robertson,US,2022-03-28 23:38:04,36.5167,-86.8667,53.29,39,0,5.75
329,Usinsk,RU,2022-03-28 23:38:05,65.9939,57.5281,4.14,98,87,8.97
330,Berlevag,NO,2022-03-28 23:38:05,70.8578,29.0864,26.4,71,100,25.28
331,Lompoc,US,2022-03-28 23:38:05,34.6391,-120.4579,57.69,79,100,8.01
332,Alofi,NU,2022-03-28 23:38:06,-19.0595,-169.9187,75.09,100,100,8.05
333,Lorengau,PG,2022-03-28 23:38:06,-2.0226,147.2712,81.5,82,100,8.68
334,Ipanema,BR,2022-03-28 23:38:07,-30.1391,-51.2244,73.38,73,0,12.66
335,Vila Velha,BR,2022-03-28 23:38:07,-20.3297,-40.2925,78.94,88,20,5.75
336,Makakilo City,US,2022-03-28 23:38:07,21.3469,-158.0858,80.92,58,40,12.66
337,Taoudenni,ML,2022-03-28 23:38:08,22.6783,-3.9836,87.93,11,100,3.04
338,Guerrero Negro,MX,2022-03-28 23:38:08,27.9769,-114.0611,66.06,62,99,14.36
339,Merauke,ID,2022-03-28 23:38:09,-8.4667,140.3333,77.7,90,100,14.2
340,Kachiry,KZ,2022-03-28 23:38:09,53.0675,76.1036,17.91,95,100,6.62
341,Soignies,BE,2022-03-28 23:38:09,50.579,4.0713,52.68,83,75,5.75
342,Nizhniy Kuranakh,RU,2022-03-28 23:38:10,58.8353,125.4869,17.28,89,100,10.4
343,Komatipoort,ZA,2022-03-28 23:38:10,-25.4332,31.9548,72.05,94,11,2.48
344,Mehamn,NO,2022-03-28 23:38:11,71.0357,27.8492,27.5,85,100,28.61
345,Ontario,US,2022-03-28 23:35:53,34.0633,-117.6509,63.28,68,75,9.22
346,Fassuta,IL,2022-03-28 23:38:11,33.0483,35.3098,48.49,46,0,8.39
347,Ust-Nera,RU,2022-03-28 23:35:07,64.5667,143.2,0.61,92,65,0.56
348,Mana,GF,2022-03-28 23:38:12,5.6592,-53.7767,76.73,85,100,11.99
349,Chuguyevka,RU,2022-03-28 23:38:12,44.1653,133.8633,43.03,53,57,8.12
350,Itoman,JP,2022-03-28 23:38:13,26.1247,127.6694,68.77,96,75,8.05
351,Formosa,AR,2022-03-28 23:38:13,-26.1775,-58.1781,76.98,73,0,4.61
352,Kijang,KR,2022-03-28 23:38:14,35.2442,129.2139,44.33,51,53,5.32
353,Solnechnyy,RU,2022-03-28 23:38:14,50.7214,136.6319,28.36,90,89,8.23
354,Kourou,GF,2022-03-28 23:38:14,5.1552,-52.6478,81.1,84,100,10.63
355,New Hope,US,2022-03-28 23:38:15,45.038,-93.3866,37.92,33,100,11.5
356,Tekirdag,TR,2022-03-28 23:36:17,40.978,27.5085,47.55,66,100,1.86
357,Bilibino,RU,2022-03-28 23:38:15,68.0546,166.4372,0.37,75,65,2.95
358,Le Passage,FR,2022-03-28 23:38:16,44.2014,0.6028,51.94,62,0,4.61
359,Prestea,GH,2022-03-28 23:38:16,5.4327,-2.1428,76.82,96,96,2.93
360,Longyearbyen,SJ,2022-03-28 23:38:17,78.2186,15.6401,8.44,61,20,5.75
361,Lumberton,US,2022-03-28 23:38:17,34.6182,-79.0086,64.71,47,5,5.97
362,Pedernales,DO,2022-03-28 23:38:17,18.0384,-71.744,79.07,73,40,3.91
363,Kununurra,AU,2022-03-28 23:38:18,-15.7667,128.7333,80.58,83,100,3.44
364,Biryukove,UA,2022-03-28 23:39:18,47.9563,39.7384,35.22,75,13,24.16
365,Khvoynaya,RU,2022-03-28 23:39:19,58.9,34.5333,20.19,90,97,11.05
366,Arlit,NE,2022-03-28 23:39:19,18.7369,7.3853,75.63,6,30,6.8
367,Manakara,MG,2022-03-28 23:39:20,-22.1333,48.0167,73.2,87,100,7.29
368,Bitadton,PH,2022-03-28 23:39:20,11.4969,122.0851,81.75,80,100,11.9
369,Dzaoudzi,YT,2022-03-28 23:39:20,-12.7887,45.2699,78.69,89,20,0.0
370,Gobabis,NA,2022-03-28 23:39:21,-22.45,18.9667,70.65,46,75,13.53
371,Algiers,DZ,2022-03-28 23:35:41,36.7525,3.042,58.82,88,75,9.22
372,Lata,PT,2022-03-28 23:39:22,40.1629,-8.3327,59.07,71,100,2.28
373,Gorodishche,RU,2022-03-28 23:39:22,48.8045,44.4744,34.68,60,0,26.84
374,Asyut,EG,2022-03-28 23:39:22,27.181,31.1837,58.95,24,0,5.39
375,Imeni Poliny Osipenko,RU,2022-03-28 23:39:23,52.4201,136.4853,21.56,91,100,8.86
376,Ahmadpur East,PK,2022-03-28 23:39:23,29.1431,71.2598,79.29,11,0,5.59
377,Kogon,UZ,2022-03-28 23:39:24,39.7228,64.5517,53.64,43,75,16.11
378,Shimoda,JP,2022-03-28 23:39:24,34.6667,138.95,52.16,81,100,13.2
379,Pisek,CZ,2022-03-28 23:39:25,49.3088,14.1475,49.28,45,7,4.07
380,Goianesia,BR,2022-03-28 23:39:27,-15.3175,-49.1175,73.87,67,78,1.9
381,Qingdao,CN,2022-03-28 23:39:27,36.0986,120.3719,46.0,76,0,13.42
382,Maragogi,BR,2022-03-28 23:39:28,-9.0122,-35.2225,78.1,84,85,6.44
383,Pangody,RU,2022-03-28 23:39:28,65.85,74.4859,24.12,94,100,16.08
384,Karratha,AU,2022-03-28 23:39:29,-20.7377,116.8463,82.36,68,77,5.73
385,Bathsheba,BB,2022-03-28 23:39:29,13.2167,-59.5167,77.61,73,20,14.97
386,Harper,LR,2022-03-28 23:39:30,4.375,-7.7169,80.08,89,80,7.31
387,Gvarv,NO,2022-03-28 23:39:30,59.3875,9.1737,34.59,86,95,4.09
388,Oksfjord,NO,2022-03-28 23:39:30,70.2396,22.3479,27.0,80,100,13.96
389,Namibe,AO,2022-03-28 23:39:31,-15.1961,12.1522,70.54,72,19,9.46
390,Guaraniacu,BR,2022-03-28 23:39:31,-25.1008,-52.8781,64.81,82,0,0.65
391,Balabac,PH,2022-03-28 23:39:32,7.9868,117.0645,79.9,82,99,6.96
392,Araguaina,BR,2022-03-28 23:39:32,-7.1911,-48.2072,74.08,96,100,0.98
393,Eyrarbakki,IS,2022-03-28 23:39:33,63.863,-21.1481,37.45,79,100,8.59
394,Pilar,BR,2022-03-28 23:37:34,-9.5972,-35.9567,76.93,83,56,2.55
395,Abatskoye,RU,2022-03-28 23:38:47,56.2875,70.4555,31.77,94,100,11.41
396,Boleslawiec,PL,2022-03-28 23:39:34,51.2642,15.5697,48.4,93,36,6.17
397,Xingyi,CN,2022-03-28 23:39:34,24.1877,102.817,53.04,95,35,3.98
398,Amparafaravola,MG,2022-03-28 23:39:35,-17.5833,48.2167,67.21,98,100,2.15
399,Oranjestad,AW,2022-03-28 23:37:39,12.524,-70.027,80.55,100,20,20.71
400,Sola,VU,2022-03-28 23:39:35,-13.8833,167.55,82.36,75,100,9.64
401,Chernyshevskiy,RU,2022-03-28 23:39:36,63.0128,112.4714,1.96,97,99,2.17
402,Kapoeta,SS,2022-03-28 23:39:36,4.7717,33.5903,79.54,49,100,4.79
403,Claresholm,CA,2022-03-28 23:39:37,50.0333,-113.5852,49.24,56,99,13.8
404,Kirakira,SB,2022-03-28 23:39:37,-10.4544,161.9205,82.44,83,99,3.09
405,Quang Ngai,VN,2022-03-28 23:39:37,15.1167,108.8,74.7,84,98,5.28
406,Vao,NC,2022-03-28 23:39:38,-22.6667,167.4833,78.17,71,100,11.83
407,Camopi,GF,2022-03-28 23:40:38,3.1655,-52.3158,71.87,99,93,2.26
408,Bahia Blanca,AR,2022-03-28 23:37:17,-38.7196,-62.2724,71.94,59,3,9.69
409,Lokosovo,RU,2022-03-28 23:40:39,61.1333,74.8167,26.96,91,99,12.3
410,Sayyan,YE,2022-03-28 23:40:39,15.1718,44.3244,48.4,39,2,5.77
411,Havoysund,NO,2022-03-28 23:40:40,70.9963,24.6622,32.23,67,100,26.33
412,Carberry,CA,2022-03-28 23:40:40,49.8689,-99.3602,39.43,66,99,10.98
413,Malaya Serdoba,RU,2022-03-28 23:40:40,52.4661,44.9512,34.48,84,100,27.27
414,Houston,US,2022-03-28 23:37:14,29.7633,-95.3633,81.34,55,0,16.11
415,Vostok,RU,2022-03-28 23:40:41,46.4856,135.8833,35.28,83,99,8.05
416,Batagay-Alyta,RU,2022-03-28 23:40:41,67.8006,130.4114,-0.22,76,60,2.66
417,Port Hedland,AU,2022-03-28 23:40:42,-20.3167,118.5667,82.45,74,77,6.91
418,Ustye,RU,2022-03-28 23:40:42,59.6304,39.736,20.17,94,100,9.48
419,Ypsonas,CY,2022-03-28 23:40:43,34.6884,32.9574,58.28,71,0,8.05
420,Kambove,CD,2022-03-28 23:40:43,-10.8764,26.5969,61.52,98,99,3.74
421,Mwanza,TZ,2022-03-28 23:40:44,-2.5167,32.9,69.69,84,85,3.38
422,Kathmandu,NP,2022-03-28 23:36:09,27.7167,85.3167,62.82,88,75,3.44
423,Launceston,AU,2022-03-28 23:40:45,-41.45,147.1667,64.35,76,75,2.3
424,Buchanan,LR,2022-03-28 23:40:45,5.8808,-10.0467,80.13,87,100,5.01
425,Kisangani,CD,2022-03-28 23:40:46,0.5167,25.2,72.1,96,97,1.81
426,Grimma,DE,2022-03-28 23:40:46,51.2333,12.7167,47.91,94,76,5.19
427,Homer,US,2022-03-28 23:40:47,59.6425,-151.5483,42.69,69,100,11.5
428,Antalaha,MG,2022-03-28 23:40:47,-14.9003,50.2788,73.56,89,80,4.27
429,Maumere,ID,2022-03-28 23:40:47,-8.6199,122.2111,81.59,78,77,2.82
430,Cap Malheureux,MU,2022-03-28 23:40:48,-19.9842,57.6142,74.46,80,19,4.0
431,Marrakesh,MA,2022-03-28 23:40:48,31.6315,-8.0083,62.67,67,75,5.75
432,Lalin,ES,2022-03-28 23:40:49,42.7167,-8.1167,51.85,96,99,2.13
433,Xining,CN,2022-03-28 23:40:49,36.6167,101.7667,36.72,44,83,3.85
434,Robat Karim,IR,2022-03-28 23:40:50,35.4846,51.0829,46.26,42,0,11.5
435,Kieta,PG,2022-03-28 23:40:50,-6.2167,155.6333,84.29,74,99,6.51
436,Bella Union,UY,2022-03-28 23:40:50,-30.2752,-57.6007,67.82,67,0,8.43
437,Toamasina,MG,2022-03-28 23:40:51,-18.1667,49.3833,75.2,94,75,9.22
438,Alyangula,AU,2022-03-28 23:40:51,-13.8483,136.4192,82.27,78,35,0.0
439,Yanaul,RU,2022-03-28 23:40:52,56.2719,54.9309,11.35,94,72,8.59
440,Katsuura,JP,2022-03-28 23:40:52,35.1333,140.3,54.97,66,100,14.65
441,Cabinda,AO,2022-03-28 23:40:52,-5.55,12.2,77.7,89,100,3.42
442,Alta Floresta,BR,2022-03-28 23:40:53,-9.8756,-56.0861,72.79,95,98,3.06
443,Oberwart,AT,2022-03-28 23:40:53,47.2897,16.206,55.62,48,11,3.11
444,Lahat,ID,2022-03-28 23:40:54,-3.8,103.5333,74.43,84,53,2.06
445,Mao,ES,2022-03-28 23:40:54,39.8885,4.2658,54.16,100,0,4.61
446,Maniitsoq,GL,2022-03-28 23:40:55,65.4167,-52.9,22.14,77,3,5.21
447,Qurayyat,SA,2022-03-28 23:40:55,31.3318,37.3428,48.38,40,0,2.3
448,San Matias,BO,2022-03-28 23:40:56,-16.3667,-58.4,79.23,75,52,3.69
449,Bull Savanna,JM,2022-03-28 23:40:56,17.8868,-77.5902,74.71,62,69,3.94
450,Beckley,US,2022-03-28 23:40:57,37.7782,-81.1882,34.21,39,0,10.36
451,Kholm-Zhirkovskiy,RU,2022-03-28 23:40:57,55.5189,33.4731,32.45,85,74,13.06
452,Kodino,RU,2022-03-28 23:40:57,63.7198,39.6447,2.3,98,100,2.04
453,Kiunga,PG,2022-03-28 23:40:58,-6.1219,141.2906,72.88,98,100,2.89
454,Kigorobya,UG,2022-03-28 23:41:58,1.6162,31.3089,66.69,90,94,1.32
455,Mecca,SA,2022-03-28 23:41:59,21.4267,39.8261,75.58,69,32,2.53
456,Zinder,NE,2022-03-28 23:41:59,13.8072,8.9881,69.94,7,11,10.78
457,Rosetown,CA,2022-03-28 23:42:00,51.5501,-108.0014,40.98,60,100,12.66
458,Santa Isabel Do Rio Negro,BR,2022-03-28 23:42:00,-0.4139,-65.0192,72.63,100,100,2.04
459,Milkovo,RU,2022-03-28 23:42:00,54.7167,158.6167,31.05,75,100,3.6
460,Veraval,IN,2022-03-28 23:42:01,20.9,70.3667,77.54,71,3,10.8
461,Ekuvukeni,ZA,2022-03-28 23:42:01,-28.4675,30.1551,59.25,80,0,3.13
462,Terrace,CA,2022-03-28 23:40:50,54.5163,-128.6035,55.31,24,75,6.91
463,Valparaiso,CL,2022-03-28 23:42:02,-33.0393,-71.6273,64.04,61,0,9.22
464,Beloha,MG,2022-03-28 23:42:02,-25.1667,45.05,70.14,79,36,14.16
465,Atbasar,KZ,2022-03-28 23:42:03,51.8,68.3333,27.09,94,100,12.19
466,Igarka,RU,2022-03-28 23:42:03,67.4667,86.5833,12.7,94,100,15.19
467,Butterworth,MY,2022-03-28 23:42:04,5.3991,100.3638,80.64,94,20,0.0
468,Asamankese,GH,2022-03-28 23:42:04,5.8601,-0.6635,77.94,90,91,3.96
469,Winslow,US,2022-03-28 23:41:56,35.0242,-110.6974,56.08,44,100,28.68
470,Mayo,US,2022-03-28 23:42:05,38.8876,-76.5119,33.98,34,0,23.02
471,Nantucket,US,2022-03-28 23:40:01,41.2835,-70.0995,30.31,36,75,16.11
472,Guaruja,BR,2022-03-28 23:42:05,-23.9931,-46.2564,79.9,26,60,1.01
473,Lima,PE,2022-03-28 23:42:06,-12.0432,-77.0282,70.05,73,0,14.97
474,Methoni,GR,2022-03-28 23:42:06,36.8197,21.7049,58.21,70,62,18.68
475,Grants Pass,US,2022-03-28 23:42:07,42.439,-123.3284,64.15,42,40,10.36
476,Guanica,PR,2022-03-28 23:42:07,17.9716,-66.908,80.06,78,90,3.18
477,Rumuruti,KE,2022-03-28 23:42:07,0.267,36.5389,62.02,83,95,5.44
478,Kyra,RU,2022-03-28 23:42:08,49.5776,111.9753,12.11,71,9,4.68
479,Saint Anthony,US,2022-03-28 23:42:08,45.0205,-93.218,37.92,32,100,12.66
480,Dvinskoy,RU,2022-03-28 23:42:09,62.1535,45.1175,7.61,97,100,3.22
481,Zelezniki,SI,2022-03-28 23:42:09,46.2333,14.1667,45.93,5,0,4.68
482,Luchegorsk,RU,2022-03-28 23:42:10,46.4764,134.2569,39.65,61,100,14.85
483,Pisco,PE,2022-03-28 23:42:10,-13.7,-76.2167,69.85,73,0,21.85
484,Aranos,NA,2022-03-28 23:42:10,-24.1333,19.1167,75.27,38,56,14.74
485,Platteville,US,2022-03-28 23:42:11,42.7342,-90.4785,38.14,32,0,6.91
486,Tres Arroyos,AR,2022-03-28 23:40:03,-38.3739,-60.2798,66.96,58,0,12.08
487,Ilo,PE,2022-03-28 23:42:11,-17.6394,-71.3375,68.76,84,25,5.03
488,Zafra,ES,2022-03-28 23:42:12,38.4167,-6.4167,54.37,75,100,5.77
489,Dodge City,US,2022-03-28 23:42:12,37.7528,-100.0171,68.25,37,0,16.11
490,Paranaiba,BR,2022-03-28 23:42:13,-19.6772,-51.1908,73.08,87,10,1.72
491,Basco,PH,2022-03-28 23:42:13,20.4487,121.9702,78.51,80,59,21.7
492,Liverpool,GB,2022-03-28 23:42:13,53.4106,-2.9779,49.6,87,40,3.44
493,Oranjemund,NA,2022-03-28 23:42:14,-28.55,16.4333,63.41,76,0,4.63
494,Christchurch,NZ,2022-03-28 23:39:11,-43.5333,172.6333,67.41,73,75,8.05
495,Flic En Flac,MU,2022-03-28 23:42:14,-20.2742,57.3631,74.52,78,20,6.02
496,Gat,IL,2022-03-28 23:42:15,31.61,34.7642,63.39,43,3,5.32
497,Lavrentiya,RU,2022-03-28 23:42:15,65.5833,-171.0,8.78,79,15,5.95
498,Maningrida,AU,2022-03-28 23:42:16,-12.0667,134.2667,84.0,69,73,3.98
499,Viedma,AR,2022-03-28 23:42:16,-40.8135,-62.9967,73.33,18,2,19.86
500,Talara,PE,2022-03-28 23:43:17,-4.5772,-81.2719,79.56,65,0,17.27
501,Hilliard,US,2022-03-28 23:40:13,40.0334,-83.1582,32.45,44,0,6.91
502,Dolores,AR,2022-03-28 23:43:17,-36.3132,-57.6792,62.91,71,0,9.48
503,Drummondville,CA,2022-03-28 23:38:24,45.8834,-72.4824,18.59,81,100,5.99
504,Batticaloa,LK,2022-03-28 23:43:18,7.7102,81.6924,77.95,86,2,6.13
505,Emerald,AU,2022-03-28 23:43:18,-23.5333,148.1667,79.34,57,1,6.91
506,Khandagayty,RU,2022-03-28 23:43:19,50.7333,92.05,12.29,91,50,6.26
507,Denpasar,ID,2022-03-28 23:42:23,-8.65,115.2167,76.71,94,75,2.3
508,Aykhal,RU,2022-03-28 23:43:19,66.0,111.5,-1.52,100,100,5.23
509,Pimentel,PE,2022-03-28 23:43:20,-6.8367,-79.9342,71.89,83,0,10.36
510,Gore,NZ,2022-03-28 23:43:20,-46.1028,168.9436,65.64,60,97,1.61
511,Vestmannaeyjar,IS,2022-03-28 23:43:21,63.4427,-20.2734,38.08,78,100,30.87
512,Moundou,TD,2022-03-28 23:43:21,8.5667,16.0833,81.5,11,2,6.69
513,Turayf,SA,2022-03-28 23:43:21,31.6725,38.6637,48.45,43,0,6.91
514,Bentong,MY,2022-03-28 23:43:22,3.5181,101.9079,75.0,96,7,0.83
515,Auce,LV,2022-03-28 23:43:22,56.4598,22.9017,33.03,80,35,12.93
516,Upata,VE,2022-03-28 23:43:23,8.0086,-62.3989,75.02,68,100,6.42
517,Spring Valley,US,2022-03-28 23:39:22,36.108,-115.245,78.75,10,40,21.85
518,Sainte-Rose,GP,2022-03-28 23:43:23,16.3324,-61.6979,77.04,73,20,5.75
519,Khipro,PK,2022-03-28 23:43:24,25.8285,69.3772,78.15,40,2,10.6
520,Stornoway,GB,2022-03-28 23:43:24,58.2093,-6.3865,39.92,96,100,2.3
521,Port Pirie,AU,2022-03-28 23:43:25,-33.1833,138.0167,69.89,53,2,6.4
522,Oran,DZ,2022-03-28 23:43:25,35.6911,-0.6417,58.93,94,20,9.22
523,Road Town,VG,2022-03-28 23:41:45,18.4167,-64.6167,78.84,78,40,5.75
524,Innisfail,AU,2022-03-28 23:43:26,-17.5333,146.0333,81.5,71,83,3.18
525,Alice Springs,AU,2022-03-28 23:43:26,-23.7,133.8833,71.15,28,0,0.0
526,Tambovka,RU,2022-03-28 23:43:27,50.0969,128.0489,29.21,66,100,10.49
527,Naze,JP,2022-03-28 23:43:27,28.3667,129.4833,61.72,85,100,12.95
528,Tabou,CI,2022-03-28 23:43:28,4.423,-7.3528,80.04,90,78,6.64
529,Yatou,CN,2022-03-28 23:43:28,37.15,122.3833,46.22,59,1,15.84
530,Bambanglipuro,ID,2022-03-28 23:43:29,-7.95,110.2833,78.48,82,100,3.24
531,Linqing,CN,2022-03-28 23:43:29,36.8456,115.7117,51.53,75,76,17.4
532,Bibiani,GH,2022-03-28 23:43:29,6.4635,-2.3194,74.86,94,94,2.35
533,Tocache,PE,2022-03-28 23:43:30,-8.1842,-76.5125,69.91,100,98,0.56
534,Mundo Nuevo,MX,2022-03-28 23:43:30,18.7,-95.5,74.84,82,2,13.78
535,Casian,PH,2022-03-28 23:43:31,11.035,119.7136,81.63,81,100,19.66
536,Salalah,OM,2022-03-28 23:43:31,17.0151,54.0924,87.89,14,0,6.91
537,Lewistown,US,2022-03-28 23:43:32,40.5992,-77.5714,26.01,68,20,20.71
538,Laguna,US,2022-03-28 23:43:32,38.421,-121.4238,60.78,88,100,6.91
539,Shihezi,CN,2022-03-28 23:43:32,44.3,86.0333,41.81,62,48,4.29
540,Sakakah,SA,2022-03-28 23:43:33,29.9697,40.2064,53.17,33,0,9.1
541,Ofunato,JP,2022-03-28 23:43:33,39.0717,141.7167,44.2,46,92,3.78
542,Datong,CN,2022-03-28 23:43:34,40.0936,113.2914,43.02,60,98,6.38
543,Ust-Omchug,RU,2022-03-28 23:43:34,61.15,149.6333,4.33,86,100,7.99
544,Miri,MY,2022-03-28 23:43:34,4.4148,114.0089,75.34,94,20,0.0
545,Kahului,US,2022-03-28 23:40:21,20.8947,-156.47,82.42,54,40,11.5
546,Fethiye,TR,2022-03-28 23:43:35,36.6217,29.1164,55.27,68,100,5.57
547,Amahai,ID,2022-03-28 23:44:35,-3.3333,128.9167,81.18,79,99,2.37
548,Komsomolskiy,UZ,2022-03-28 23:44:36,40.4272,71.7189,50.72,71,100,2.3
